{
  "breakpoints": [
    {
      "maxwidth": "500",
      "properties": {
        "heroImageSource": "",
		"heroImageStretch": "Uniform",
		"pageTitleMargin": "69, 0, 12, 0",
        "appBarRow": "3",
        "appBarColumn": "0",
        "appBarColumnSpan": "2"
      }
    },
    {
      "maxwidth": "800",
      "properties": {
        "heroImageSource": "",
		"heroImageStretch": "UniformToFill",
		"pageTitleMargin": "69, 0, 12, 0",
        "appBarRow": "3",
        "appBarColumn": "0",
        "appBarColumnSpan": "2"
      }
    },
    {
      "maxwidth": "*",
      "properties": {
        "heroImageSource": "",
		"heroImageStretch": "Uniform",
        "pageTitleMargin": "21, 0, 12, 0",
        "appBarRow": "0",
        "appBarColumn": "1",
        "appBarColumnSpan": "1"
      }
    }
  ]
}
