﻿{
  "Title": "Touch Develop",
  "Items": [
    {
      "IconUrl": "ms-appx:///Assets/Design/LightGray.png",
      "Name": "Pellentesentesque porta, mauris quis interdum",
      "UserName": "Lorem ipsum",
      "CumulativePositiveReviews": "5",
      "HasScreenshot": "true",
      "ScreenshotUrl": "ms-appx:///Assets/Design/DarkGray.png",
      "Description": "Item Description: Pellentesentesque porta, mauris quis interduem Description: Pellentesentesque porta, mauris quis interdum vehim vehiem Description: Pellenscription: Pellentesentesque porta, mauris quis interduem Description: Pellentesentesque porta, mauris quis interdum vehim vehiem Description: Pellentesentesque po scription: Pellentesentesque porta, mauris quis interduem Description: Pellentesentesque porta, mauris quis interdum vehim vehiem Description: Pellentesentesque potesentesque porta, mauris quis interdum vehicula, urnque porta, mauris quis interdum vehicula, urna sapien ultrices velit, nec ventesque porta, mauris quis interdum vehicula, urnenenatis dui odio in augue. Cras posuere, enim a cursus convallis, neque turpis malesuada erat, ut adipiscing neque tortor ac erat."
    }
  ]
}