﻿{
  "Title": "Section title",
  "Items": [
    {
      "Id": "item-1",
      "PageTitle": "Pellentesentesque porta, mauris quis interdum",
      "Title": "Item 1. Lorem ipsum ad his scripta blandit partiendo",
      "SubTitle": "Eum hinc argumentum te, no sit percipit adversarium, ne qui feugiat persecuti. Odio omnes scripserit ad est, ut vidit lorem maiestatis his, putent mandamus gloriatur ne pro",
      "Image": "ms-appx:///Assets/Design/LightGray.png",
      "Description": "Item Description: Pellentesentesque porta, mauris quis interduem Description: Pellentesentesque porta, mauris quis interdum vehim vehiem Description: Pellenscription: Pellentesentesque porta, mauris quis interduem Description: Pellentesentesque porta, mauris quis interdum vehim vehiem Description: Pellentesentesque po scription: Pellentesentesque porta, mauris quis interduem Description: Pellentesentesque porta, mauris quis interdum vehim vehiem Description: Pellentesentesque potesentesque porta, mauris quis interdum vehicula, urnque porta, mauris quis interdum vehicula, urna sapien ultrices velit, nec ventesque porta, mauris quis interdum vehicula, urnenenatis dui odio in augue. Cras posuere, enim a cursus convallis, neque turpis malesuada erat, ut adipiscing neque tortor ac erat.",
      "Content": ""
    },
    {
      "Id": "item-2",
      "PageTitle": "Pellentesentesque porta, mauris quis interdum",
      "Title": "Item 2. Lorem ipsum ad his scripta blandit partiendo",
      "SubTitle": "Eum hinc argumentum te, no sit percipit adversarium, ne qui feugiat persecuti. Odio omnes scripserit ad est, ut vidit lorem maiestatis his, putent mandamus gloriatur ne pro",
      "Image": "ms-appx:///Assets/Design/DarkGray.png",
      "Description": "Item Description: Pellentesentesque porta, mauris quis interduem Description: Pellentesentesque porta, mauris quis interdum vehim vehiem Description: Pellenscription: Pellentesentesque porta, mauris quis interduem Description: Pellentesentesque porta, mauris quis interdum vehim vehiem Description: Pellentesentesque po scription: Pellentesentesque porta, mauris quis interduem Description: Pellentesentesque porta, mauris quis interdum vehim vehiem Description: Pellentesentesque potesentesque porta, mauris quis interdum vehicula, urnque porta, mauris quis interdum vehicula, urna sapien ultrices velit, nec ventesque porta, mauris quis interdum vehicula, urnenenatis dui odio in augue. Cras posuere, enim a cursus convallis, neque turpis malesuada erat, ut adipiscing neque tortor ac erat.",
      "Content": ""
    },
    {
      "Id": "item-3",
      "PageTitle": "Pellentesentesque porta, mauris quis interdum",
      "Title": "Item 3. Lorem ipsum ad his scripta blandit partiendo",
      "SubTitle": "Eum hinc argumentum te, no sit percipit adversarium, ne qui feugiat persecuti. Odio omnes scripserit ad est, ut vidit lorem maiestatis his, putent mandamus gloriatur ne pro",
      "Image": "ms-appx:///Assets/Design/MediumGray.png",
      "Description": "Item Description: Pellentesentesque porta, mauris quis interduem Description: Pellentesentesque porta, mauris quis interdum vehim vehiem Description: Pellenscription: Pellentesentesque porta, mauris quis interduem Description: Pellentesentesque porta, mauris quis interdum vehim vehiem Description: Pellentesentesque po scription: Pellentesentesque porta, mauris quis interduem Description: Pellentesentesque porta, mauris quis interdum vehim vehiem Description: Pellentesentesque potesentesque porta, mauris quis interdum vehicula, urnque porta, mauris quis interdum vehicula, urna sapien ultrices velit, nec ventesque porta, mauris quis interdum vehicula, urnenenatis dui odio in augue. Cras posuere, enim a cursus convallis, neque turpis malesuada erat, ut adipiscing neque tortor ac erat.",
      "Content": ""
    },
    {
      "Id": "item-4",
      "PageTitle": "Pellentesentesque porta, mauris quis interdum",
      "Title": "Item 4. Lorem ipsum ad his scripta blandit partiendo",
      "SubTitle": "Eum hinc argumentum te, no sit percipit adversarium, ne qui feugiat persecuti. Odio omnes scripserit ad est, ut vidit lorem maiestatis his, putent mandamus gloriatur ne pro",
      "Image": "ms-appx:///Assets/Design/LightGray.png",
      "Description": "Item Description: Pellentesentesque porta, mauris quis interduem Description: Pellentesentesque porta, mauris quis interdum vehim vehiem Description: Pellenscription: Pellentesentesque porta, mauris quis interduem Description: Pellentesentesque porta, mauris quis interdum vehim vehiem Description: Pellentesentesque po scription: Pellentesentesque porta, mauris quis interduem Description: Pellentesentesque porta, mauris quis interdum vehim vehiem Description: Pellentesentesque potesentesque porta, mauris quis interdum vehicula, urnque porta, mauris quis interdum vehicula, urna sapien ultrices velit, nec ventesque porta, mauris quis interdum vehicula, urnenenatis dui odio in augue. Cras posuere, enim a cursus convallis, neque turpis malesuada erat, ut adipiscing neque tortor ac erat.",
      "Content": ""
    },
    {
      "Id": "item-5",
      "PageTitle": "Pellentesentesque porta, mauris quis interdum",
      "Title": "Item 5. Lorem ipsum ad his scripta blandit partiendo",
      "SubTitle": "Eum hinc argumentum te, no sit percipit adversarium, ne qui feugiat persecuti. Odio omnes scripserit ad est, ut vidit lorem maiestatis his, putent mandamus gloriatur ne pro",
      "Image": "ms-appx:///Assets/Design/DarkGray.png",
      "Description": "Item Description: Pellentesentesque porta, mauris quis interduem Description: Pellentesentesque porta, mauris quis interdum vehim vehiem Description: Pellenscription: Pellentesentesque porta, mauris quis interduem Description: Pellentesentesque porta, mauris quis interdum vehim vehiem Description: Pellentesentesque po scription: Pellentesentesque porta, mauris quis interduem Description: Pellentesentesque porta, mauris quis interdum vehim vehiem Description: Pellentesentesque potesentesque porta, mauris quis interdum vehicula, urnque porta, mauris quis interdum vehicula, urna sapien ultrices velit, nec ventesque porta, mauris quis interdum vehicula, urnenenatis dui odio in augue. Cras posuere, enim a cursus convallis, neque turpis malesuada erat, ut adipiscing neque tortor ac erat.",
      "Content": ""
    },
    {
      "Id": "item-6",
      "PageTitle": "Pellentesentesque porta, mauris quis interdum",
      "Title": "Item 6. Lorem ipsum ad his scripta blandit partiendo",
      "SubTitle": "Eum hinc argumentum te, no sit percipit adversarium, ne qui feugiat persecuti. Odio omnes scripserit ad est, ut vidit lorem maiestatis his, putent mandamus gloriatur ne pro",
      "Image": "ms-appx:///Assets/Design/MediumGray.png",
      "Description": "Item Description: Pellentesentesque porta, mauris quis interduem Description: Pellentesentesque porta, mauris quis interdum vehim vehiem Description: Pellenscription: Pellentesentesque porta, mauris quis interduem Description: Pellentesentesque porta, mauris quis interdum vehim vehiem Description: Pellentesentesque po scription: Pellentesentesque porta, mauris quis interduem Description: Pellentesentesque porta, mauris quis interdum vehim vehiem Description: Pellentesentesque potesentesque porta, mauris quis interdum vehicula, urnque porta, mauris quis interdum vehicula, urna sapien ultrices velit, nec ventesque porta, mauris quis interdum vehicula, urnenenatis dui odio in augue. Cras posuere, enim a cursus convallis, neque turpis malesuada erat, ut adipiscing neque tortor ac erat.",
      "Content": ""
    },
    {
      "Id": "item-7",
      "PageTitle": "Pellentesentesque porta, mauris quis interdum",
      "Title": "Item 7. Lorem ipsum ad his scripta blandit partiendo",
      "SubTitle": "Eum hinc argumentum te, no sit percipit adversarium, ne qui feugiat persecuti. Odio omnes scripserit ad est, ut vidit lorem maiestatis his, putent mandamus gloriatur ne pro",
      "Image": "ms-appx:///Assets/Design/LightGray.png",
      "Description": "Item Description: Pellentesentesque porta, mauris quis interduem Description: Pellentesentesque porta, mauris quis interdum vehim vehiem Description: Pellenscription: Pellentesentesque porta, mauris quis interduem Description: Pellentesentesque porta, mauris quis interdum vehim vehiem Description: Pellentesentesque po scription: Pellentesentesque porta, mauris quis interduem Description: Pellentesentesque porta, mauris quis interdum vehim vehiem Description: Pellentesentesque potesentesque porta, mauris quis interdum vehicula, urnque porta, mauris quis interdum vehicula, urna sapien ultrices velit, nec ventesque porta, mauris quis interdum vehicula, urnenenatis dui odio in augue. Cras posuere, enim a cursus convallis, neque turpis malesuada erat, ut adipiscing neque tortor ac erat.",
      "Content": ""
    },
    {
      "Id": "item-8",
      "PageTitle": "Pellentesentesque porta, mauris quis interdum",
      "Title": "Item 8. Lorem ipsum ad his scripta blandit partiendo",
      "SubTitle": "Eum hinc argumentum te, no sit percipit adversarium, ne qui feugiat persecuti. Odio omnes scripserit ad est, ut vidit lorem maiestatis his, putent mandamus gloriatur ne pro",
      "Image": "ms-appx:///Assets/Design/DarkGray.png",
      "Description": "Item Description: Pellentesentesque porta, mauris quis interduem Description: Pellentesentesque porta, mauris quis interdum vehim vehiem Description: Pellenscription: Pellentesentesque porta, mauris quis interduem Description: Pellentesentesque porta, mauris quis interdum vehim vehiem Description: Pellentesentesque po scription: Pellentesentesque porta, mauris quis interduem Description: Pellentesentesque porta, mauris quis interdum vehim vehiem Description: Pellentesentesque potesentesque porta, mauris quis interdum vehicula, urnque porta, mauris quis interdum vehicula, urna sapien ultrices velit, nec ventesque porta, mauris quis interdum vehicula, urnenenatis dui odio in augue. Cras posuere, enim a cursus convallis, neque turpis malesuada erat, ut adipiscing neque tortor ac erat.",
      "Content": ""
    },
    {
      "Id": "item-9",
      "PageTitle": "Pellentesentesque porta, mauris quis interdum",
      "Title": "Item 9. Lorem ipsum ad his scripta blandit partiendo",
      "SubTitle": "Eum hinc argumentum te, no sit percipit adversarium, ne qui feugiat persecuti. Odio omnes scripserit ad est, ut vidit lorem maiestatis his, putent mandamus gloriatur ne pro",
      "Image": "ms-appx:///Assets/Design/MediumGray.png",
      "Description": "Item Description: Pellentesentesque porta, mauris quis interduem Description: Pellentesentesque porta, mauris quis interdum vehim vehiem Description: Pellenscription: Pellentesentesque porta, mauris quis interduem Description: Pellentesentesque porta, mauris quis interdum vehim vehiem Description: Pellentesentesque po scription: Pellentesentesque porta, mauris quis interduem Description: Pellentesentesque porta, mauris quis interdum vehim vehiem Description: Pellentesentesque potesentesque porta, mauris quis interdum vehicula, urnque porta, mauris quis interdum vehicula, urna sapien ultrices velit, nec ventesque porta, mauris quis interdum vehicula, urnenenatis dui odio in augue. Cras posuere, enim a cursus convallis, neque turpis malesuada erat, ut adipiscing neque tortor ac erat.",
      "Content": ""
    },
    {
      "Id": "item-10",
      "PageTitle": "Pellentesentesque porta, mauris quis interdum",
      "Title": "Item 10. Lorem ipsum ad his scripta blandit partiendo",
      "SubTitle": "Eum hinc argumentum te, no sit percipit adversarium, ne qui feugiat persecuti. Odio omnes scripserit ad est, ut vidit lorem maiestatis his, putent mandamus gloriatur ne pro",
      "Image": "ms-appx:///Assets/Design/LightGray.png",
      "Description": "Item Description: Pellentesentesque porta, mauris quis interduem Description: Pellentesentesque porta, mauris quis interdum vehim vehiem Description: Pellenscription: Pellentesentesque porta, mauris quis interduem Description: Pellentesentesque porta, mauris quis interdum vehim vehiem Description: Pellentesentesque po scription: Pellentesentesque porta, mauris quis interduem Description: Pellentesentesque porta, mauris quis interdum vehim vehiem Description: Pellentesentesque potesentesque porta, mauris quis interdum vehicula, urnque porta, mauris quis interdum vehicula, urna sapien ultrices velit, nec ventesque porta, mauris quis interdum vehicula, urnenenatis dui odio in augue. Cras posuere, enim a cursus convallis, neque turpis malesuada erat, ut adipiscing neque tortor ac erat.",
      "Content": ""
    },
    {
      "Id": "item-11",
      "PageTitle": "Pellentesentesque porta, mauris quis interdum",
      "Title": "Item 11. Lorem ipsum ad his scripta blandit partiendo",
      "SubTitle": "Eum hinc argumentum te, no sit percipit adversarium, ne qui feugiat persecuti. Odio omnes scripserit ad est, ut vidit lorem maiestatis his, putent mandamus gloriatur ne pro",
      "Image": "ms-appx:///Assets/Design/DarkGray.png",
      "Description": "Item Description: Pellentesentesque porta, mauris quis interduem Description: Pellentesentesque porta, mauris quis interdum vehim vehiem Description: Pellenscription: Pellentesentesque porta, mauris quis interduem Description: Pellentesentesque porta, mauris quis interdum vehim vehiem Description: Pellentesentesque po scription: Pellentesentesque porta, mauris quis interduem Description: Pellentesentesque porta, mauris quis interdum vehim vehiem Description: Pellentesentesque potesentesque porta, mauris quis interdum vehicula, urnque porta, mauris quis interdum vehicula, urna sapien ultrices velit, nec ventesque porta, mauris quis interdum vehicula, urnenenatis dui odio in augue. Cras posuere, enim a cursus convallis, neque turpis malesuada erat, ut adipiscing neque tortor ac erat.",
      "Content": ""
    },
    {
      "Id": "item-12",
      "PageTitle": "Pellentesentesque porta, mauris quis interdum",
      "Title": "Item 12. Lorem ipsum ad his scripta blandit partiendo",
      "SubTitle": "Eum hinc argumentum te, no sit percipit adversarium, ne qui feugiat persecuti. Odio omnes scripserit ad est, ut vidit lorem maiestatis his, putent mandamus gloriatur ne pro",
      "Image": "ms-appx:///Assets/Design/MediumGray.png",
      "Description": "Item Description: Pellentesentesque porta, mauris quis interduem Description: Pellentesentesque porta, mauris quis interdum vehim vehiem Description: Pellenscription: Pellentesentesque porta, mauris quis interduem Description: Pellentesentesque porta, mauris quis interdum vehim vehiem Description: Pellentesentesque po scription: Pellentesentesque porta, mauris quis interduem Description: Pellentesentesque porta, mauris quis interdum vehim vehiem Description: Pellentesentesque potesentesque porta, mauris quis interdum vehicula, urnque porta, mauris quis interdum vehicula, urna sapien ultrices velit, nec ventesque porta, mauris quis interdum vehicula, urnenenatis dui odio in augue. Cras posuere, enim a cursus convallis, neque turpis malesuada erat, ut adipiscing neque tortor ac erat.",
      "Content": ""
    }
  ]
}