﻿{
  "_import": "/Layouts/List/Breakpoints.Medium.json",
  "breakpoints": [
    {
      "maxwidth": "318",
      "properties": {
        "itemsHeight": "200",
        "imageHeight": "100",
        "menuMargin": "0,4,0,0",
        "titleMaxLines": "2"
      }
    },
    {
      "maxwidth": "470",
      "properties": {
        "itemsHeight": "240",
        "imageHeight": "120",
        "menuMargin": "0,6,0,0",
        "titleMaxLines": "2"
      }
    },
    {
      "maxwidth": "1170",
      "properties": {
        "itemsHeight": "280",
        "imageHeight": "160",
        "menuMargin": "0,8,0,0",
        "titleMaxLines": "2"
      }
    },
    {
      "maxwidth": "1460",
      "properties": {
        "itemsHeight": "350",
        "imageHeight": "210",
        "menuMargin": "0,10,0,0",
        "titleMaxLines": "2"
      }
    },
    {
      "maxwidth": "1825",
      "properties": {
        "itemsHeight": "400",
        "imageHeight": "240",
        "menuMargin": "0,12,0,0",
        "titleMaxLines": "3"
      }
    },
    {
      "maxwidth": "*",
      "properties": {
        "itemsHeight": "500",
        "imageHeight": "300",
        "menuMargin": "0,14,0,0",
        "titleMaxLines": "4"
      }
    }
  ]
}