[
  {
    "MenuType": "Page",
    "Title": "Mapa",
    "Icon": "/Assets/DataImages/cercade.png",
    "Target": "MapListPage",
    "_id": "a809dde9-879e-43f0-b3c0-d1d23b9f6b28"
  },
  {
    "MenuType": "DeepLink",
    "Title": "En coche",
    "Icon": "/Assets/DataImages/coche-1.png",
    "Target": "bingmaps:?collection=point.40.39385986328125_-3.796215057373047_Kinepolis%20Madrid&lvl=18",
    "_id": "578d4d06-1cdc-42e7-bd2b-c53f2521cce4"
  },
  {
    "MenuType": "DeepLink",
    "Title": "En autobús",
    "Icon": "/Assets/DataImages/bus-1.png",
    "Target": "http://www.redtransporte.com/madrid/autobuses-interurbanos/572-madrid-pozuelo-de-alarcon.html",
    "_id": "345e1698-efdf-4d82-8a11-b1aa2175579e"
  },
  {
    "MenuType": "DeepLink",
    "Title": "En metro",
    "Icon": "/Assets/DataImages/metro-1.png",
    "Target": "https://www.metromadrid.es/es/viaja_en_metro/red_de_metro/lineas_y_horarios/metro_ligero03.html",
    "_id": "febc92f3-0a45-48c3-a750-e0ae70ae239e"
  },
  {
    "MenuType": "DeepLink",
    "Title": "Inscribirme",
    "Icon": "/Assets/DataImages/Entradas.png",
    "Target": "https://dotnetspain2016.eventbrite.com/",
    "_id": "50623af8-dd3e-4de9-9d24-988280fc7360"
  },
  {
    "MenuType": "DeepLink",
    "Title": "Email",
    "Icon": "/Assets/DataImages/escribenos-2.png",
    "Target": "mailto:esmsdn@microsoft.com",
    "_id": "eda838b2-633a-4721-b527-83851dd916f6"
  }
]