[
  {
    "MenuType": "DeepLink",
    "Title": "Altran",
    "Icon": "/Assets/DataImages/Altran.png",
    "Target": "http://www.altran.es/",
    "_id": "7f13621d-c294-48e1-8e0a-723da01b20c6"
  },
  {
    "MenuType": "DeepLink",
    "Title": "Avanade",
    "Icon": "/Assets/DataImages/Avanade.png",
    "Target": "http://www.avanade.com/en/home",
    "_id": "5e801906-e31c-4d10-ab3e-1939f41f1475"
  },
  {
    "MenuType": "DeepLink",
    "Title": "Danysoft",
    "Icon": "/Assets/DataImages/Danysoft.png",
    "Target": "http://www.danysoft.com/",
    "_id": "a35ec1dc-553f-480f-9570-eb8aec2e30df"
  },
  {
    "MenuType": "DeepLink",
    "Title": "DevsDNA",
    "Icon": "/Assets/DataImages/DevsDNA.png",
    "Target": "http://www.devsdna.com/",
    "_id": "d1aebe0d-9bf3-4029-afb1-5ce62ec47cd3"
  },
  {
    "MenuType": "DeepLink",
    "Title": "Encamina",
    "Icon": "/Assets/DataImages/Encamina.png",
    "Target": "http://www.encamina.com/",
    "_id": "c2784d3e-3826-429e-8781-f84fc1c8dc9c"
  },
  {
    "MenuType": "DeepLink",
    "Title": "Ilitia",
    "Icon": "/Assets/DataImages/Ilitia.png",
    "Target": "http://www.ilitia.com/",
    "_id": "4412b83c-82c3-4553-a58f-286da5cb0280"
  },
  {
    "MenuType": "DeepLink",
    "Title": "Intelequia",
    "Icon": "/Assets/DataImages/Intelequia.png",
    "Target": "https://intelequia.com/",
    "_id": "4529df61-bf43-4980-a477-e8a897586405"
  },
  {
    "MenuType": "DeepLink",
    "Title": "Plain Concepts",
    "Icon": "/Assets/DataImages/PlainConcepts-1.png",
    "Target": "http://www.plainconcepts.com/",
    "_id": "4fc62f22-5acd-46f8-94b7-57aa32701c10"
  },
  {
    "MenuType": "DeepLink",
    "Title": "Sogeti",
    "Icon": "/Assets/DataImages/Sogeti.png",
    "Target": "http://www.sogeti.es/",
    "_id": "2651992e-c28b-4dbf-9a6b-05bb98a28187"
  },
  {
    "MenuType": "DeepLink",
    "Title": "Tokiota",
    "Icon": "/Assets/DataImages/Tokiota.png",
    "Target": "http://tokiota.es/",
    "_id": "337b6b91-b8b1-41f1-ab68-6c72d955932f"
  }
]